매장명,주소,이벤트,위도,경도,매장ID
가락시장역점,서울특별시 서울 송파구 송파대로 28길 27 102동 109호,텐데이 진행,37.4948868947464,127.120093192726,663
가산대성디폴리스점,서울특별시 금천구 서부샛길 606 대성디폴리스,텐데이 진행,37.4799534974765,126.877008239669,425
가산디지털단지역점,서울특별시 금천구 벚꽃로 298 1층 112호,텐데이 진행,37.4814401689835,126.883871693415,836
가산아스크타워점,서울특별시 금천구 가산동 60-9 145호,텐데이 진행,37.476704282032,126.889793917736,819
가산한화비즈2차점,"서울특별시 금천구 가산디지털2로 43-14, 가산한화비즈메트로2차 134호",텐데이 진행,37.4724347051782,126.881544629092,620
강남국기원점,서울특별시 강남구 강남대로94길 55 1층,텐데이 진행,37.5005339869309,127.031660682357,1086
강남서초점,"서울특별시 서초구 서초대로74길 23, 서초타운트라팰리스 1F",텐데이 진행,37.4956119342423,127.027090955824,594
강남역센트럴애비뉴점,서울특별시 강남구 테헤란로4길 6 126호,텐데이 진행,37.4976674173806,127.029286360295,839
강남지인병원점,서울특별시 강남구 언주로 631 강남지인병원 2층 201호,텐데이 진행,37.5127908498374,127.035028360898,406
강남포스코센터점,서울특별시  강남구 삼성로 85길 30,텐데이 진행,37.5047859325292,127.054781958332,756
강북구청점,서울특별시 강북구 한천로 1040,텐데이 미진행,37.6403462635848,127.026687837786,1184
개봉현대점,서울특별시 구로구 개봉로 20길 158,텐데이 진행,37.4920422788882,126.86073736772,724
경희대점,서울특별시 동대문구 경희대로 15,텐데이 미진행,37.5929303558378,127.052387487722,1179
고덕역점,"서울특별시 강동구 고덕로 262, 118호",텐데이 진행,37.5546676606413,127.154622234195,947
고척근린공원점,서울특별시 구로구 고척동 260-18,텐데이 진행,37.503358642999,126.850777372257,970
공덕점,서울특별시 마포구 백범로31길 7 공덕SK리더스뷰 1동 B110호,텐데이 진행,37.5452627685789,126.94870244291,302
구로아티스포럼점,서울특별시  구로구 구로동 197-45,텐데이 진행,37.4861933789197,126.892769970304,736
구로하이엔드2차점,서울특별시 구로구 디지털로26길 61,텐데이 진행,37.4811291019439,126.895303784633,1088
군자교점,서울특별시 광진구 천호대로 512 군자빌딩,텐데이 진행,37.5584318575875,127.075308664069,938
길동사거리점,서울특별시 서울특별시 강동구 양재대로103길 13,텐데이 진행,37.5328424801054,127.13713383195,989
길음역점,"서울특별시 성북구 길음로 11 지하1층 B53, 54",텐데이 진행,37.603785604914,127.023437392228,1116
길음역점,"서울특별시  성북구 길음로 11 지하1층 B53, 54",텐데이 진행,37.603785604914,127.023437392228,1156
도봉구청점,서울특별시 도봉구 도봉로152길 26 1층 109호,텐데이 진행,37.6692305048563,127.045274099296,1013
마곡나루점,서울특별시 강서구 마곡중앙5로 6  1층 132호,텐데이 진행,37.567290908492,126.826956189701,127
마곡르웨스트점,서울특별시 강서구 마곡중앙로 111 롯데캐슬르웨스트오피스텔 상가 101동 127호,텐데이 진행,37.5638094509858,126.825417557789,937
마곡서울식물원점,서울특별시 강서구 마곡중앙8로1길 81 BT 101호,텐데이 진행,37.5685092627898,126.837632450912,1031
마곡역점,서울특별시 강서구 마곡중앙1로 20 마곡M시그니처 115호,텐데이 진행,37.5585628338148,126.824728888737,969
마곡파인스퀘어점,"서울특별시 강서구 마곡동 791-5번지, 파인스퀘어 3차 1층",텐데이 진행,37.5618873054359,126.837107053142,1082
마포구청점,서울특별시 마포구 월드컵로 196 101호,텐데이 진행,37.5647995635391,126.902750212857,897
마포성산점,서울특별시 마포구 월드컵북로 236,텐데이 진행,37.5703001567881,126.903428235454,1078
명일역점,서울특별시 강동구 명일동 312-92,텐데이 진행,37.5509262341722,127.14373932466,979
목동7단지점,서울특별시 양천구 목동서로 213 세신비젼프라자 1층 102호,텐데이 미진행,37.5280169945095,126.870615708032,1189
목동파라곤점,서울특별시 양천구 목동서로 155 101동 107호,텐데이 진행,37.5299956155624,126.875071951863,987
문래GS점,서울특별시 영등포구 선유로 71 문래임광그대가 122호,텐데이 진행,37.5202343613363,126.888886051076,1131
문래에이스하이테크시티점,서울특별시 영등포구 경인로 775 에이스하이테크시티 지하1층 141호,텐데이 진행,37.5147464245043,126.897536835727,850
문정H비즈니스파크점,서울특별시 송파구 문정동 645-2 H비지니스파크 C동 101동,텐데이 진행,37.4843577133898,127.116869899292,656
문정르피에드점,서울특별시 송파구 송파대로 141 르피에드 113호,텐데이 진행,37.4827982488674,127.123339910507,893
방산시장점,서울특별시 중구 을지로33길 6 1층 101호,텐데이 진행,37.567202207857,127.000359834637,1045
방이역점,서울특별시  송파구 방이동 206-11,텐데이 진행,37.5093536334491,127.125789758695,856
방화역점,서울특별시 강서구 금낭화로 146,텐데이 진행,37.5781901549032,126.813305186149,670
사당역점,서울특별시 관악구 남현동 1061-3,텐데이 진행,37.4756040268203,126.981104572672,980
삼성역점,"서울특별시 강남구 테헤란로107길 6, 두양빌딩 1층",텐데이 진행,37.5102348304012,127.065605003356,1019
상봉점,서울특별시 중랑구 망우로 353 홈플러스상봉점 1F,텐데이 진행,37.5983328190955,127.091624142481,15
상암DMC점,서울특별시 마포구 월드컵북로 396 누리꿈스퀘어동 1층,텐데이 진행,37.5794419093126,126.890322604776,279
서여의도점,서울특별시 영등포구 은행로 29,텐데이 진행,37.5290821496185,126.921888669221,805
서울교대역점,서울특별시 서초구 서초대로 49길 7,텐데이 진행,37.4939463115636,127.011952834242,698
서울남부법원점,"서울특별시 양천구 신정동 1009-6, 남부빌딩 104호",텐데이 진행,37.5228139854996,126.864199704592,295
서울대입구역점,서울특별시 관악구 봉천로 471,텐데이 미진행,37.4824282109319,126.952394882693,1175
서울돈암점,서울특별시 성북구 동소문로 186,텐데이 진행,37.598598966843,127.022009750457,591
서울문정역점,서울특별시 송파구 법원로 114 E동 B171호,텐데이 진행,37.4860552797801,127.12100938212,227
서울시청역점,서울특별시 중구 세종대로 74-1 태평빌딩 1층,텐데이 진행,37.5627910167908,126.976915009507,1073
서울안국점,서울특별시 종로구 율곡로 59,텐데이 진행,37.5768760531506,126.985746373146,328
서울중앙대점,"서울특별시 서울특별시 동작구 흑석로 101, 1층",텐데이 진행,37.5077478063551,126.960583855519,990
서울하월곡점,서울특별시 성북구 오패산로 59 1층,텐데이 진행,37.607464714889,127.036236715903,437
서초메이플라워점,서울특별시 서초구 서초동 1688-6,텐데이 진행,37.4960430160841,127.020126854849,829
서초역점,서울특별시 서초구 서초대로 240,텐데이 진행,37.4915770626912,127.00834349369,840
서초잠원점,서울특별시 서초구 강남대로95길 47-4,텐데이 진행,37.5128264373232,127.017670335912,1173
선릉역점,서울특별시 강남구 삼성동 140-32,텐데이 진행,37.5062814951678,127.049725712525,642
송파명준점,서울특별시 송파구 마천로 240,텐데이 진행,37.4995299516986,127.144036671537,690
송파문정로점,서울특별시 송파구 문정로 145,텐데이 진행,37.4926155553875,127.135730675094,1052
수유역점,서울특별시 강북구 오패산로 410,텐데이 진행,37.6373403880686,127.026731288509,957
숙명여대점,서울특별시 용산구 청파로47길 35 1층,텐데이 진행,37.5446482844637,126.968478411808,1129
신논현역점,서울특별시 강남구 강남대로110길 15,텐데이 진행,37.5039900570348,127.026171009331,1097
신림역점,서울특별시 관악구 남부순환로181길 7,텐데이 진행,37.4849246576397,126.930911157128,834
신방화역점,서울특별시 강서구 방화동 247-194 힐스테이트상가 109호,텐데이 진행,37.567202329354,126.815812288046,453
신방화역점,서울특별시 강서구 초원로16길 3-11 힐스에비뉴동 지1층 109호,텐데이 진행,37.5672373491884,126.815909319732,976
신사역점,서울특별시 강남구 도산대로 128,텐데이 진행,37.5169719062298,127.02270573272,731
신촌역점,서울특별시  서대문구 신촌로 87-22,텐데이 진행,37.5565122138013,126.93636432114,932
신풍역점,서울특별시 영등포구 신풍로 28 비스타동원 1층 136호,텐데이 진행,37.4998139228913,126.90960294998,1157
쌍문선덕점,서울특별시 도봉구 시루봉로 64,텐데이 진행,37.6564817347697,127.028110647016,1103
아차산역점,서울특별시 광진구 천호대로 643,텐데이 진행,37.5537590579311,127.089214234459,1094
양재서초구청점,"서울특별시 서초구 서운로 6길 30, 1층",텐데이 진행,37.4855058934036,127.031037893963,760
양천구신정중앙점,서울특별시 양천구 은행정로 16 103호,텐데이 진행,37.5210758406008,126.859937727936,1040
양천향교점,"서울특별시 강서구 강서로 471, A동 107호",텐데이 진행,37.5674482048077,126.840573315951,89
양평역점,서울특별시 영등포구 영등포로11길 19 영등포자이 디그니티 아파트상가 103호,텐데이 미진행,37.5253673074738,126.886732629553,1186
여의도역점,서울특별시 영등포구 여의나루로 42 1층 108호,텐데이 진행,37.521470230225,126.924971147893,1026
역삼센트럴점,서울특별시 강남구 언주로 85길 32 역삼센트럴푸르지오시티오피스텔202호,텐데이 진행,37.5009283641885,127.040751330892,429
역삼역점,서울특별시 강남구 논현로 94길 23 지상1층 104호,텐데이 진행,37.5028773660918,127.038216597528,798
영등포역점,서울특별시 영등포구 영등포동4가 432-16,텐데이 진행,37.5168753221605,126.906108610563,1009
오금역점,서울특별시 송파구 양재대로66길 41,텐데이 진행,37.5000746846002,127.125489092415,506
올림픽공원북문점,서울특별시 강동구 성안로 10,텐데이 미진행,37.5247218399502,127.129477360783,1196
용산남영점,"서울특별시 용산구 원효로 97길 19, 1층",텐데이 진행,37.5417832728935,126.969455899501,505
용산아스테리움점,서울특별시 용산구 한강대로30길 25 B,텐데이 진행,37.527358545339,126.968861735609,933
은평구청점,서울특별시 서울 은평구 녹번동 206,텐데이 미진행,37.6017785370596,126.929143882737,662
을지로3가역점,서울특별시 중구 을지로 108 1층,텐데이 진행,37.5660532816543,126.989956138386,1058
잠실새내역점,"서울특별시 송파구 백제고분로7길 49,108호",텐데이 진행,37.510948520197,127.084336791957,1046
잠실신천점,서울특별시 송파구 올림픽로 35길 112 1층 101호,텐데이 진행,37.5178827571707,127.101802779596,363
정릉뉴타운점,서울특별시 성북구 정릉로307 길음뉴타운10단지 라온유상가 109호,텐데이 진행,37.6032285064084,127.017866208389,525
종로5가역점,서울특별시 종로구 대학로1길 6,텐데이 진행,37.5714941802021,127.00157118319,785
종로점,"서울특별시 종로구 삼봉로 60, 103호",텐데이 진행,37.5722870644149,126.980419884203,286
중화역점,서울특별시 중랑구 동일로139길 32,텐데이 진행,37.6034265068248,127.077225501718,1117
창동역점,서울특별시 도봉구 마들로 13길 61 씨드큐브창동 106-3,텐데이 진행,37.6545399298261,127.049926290286,682
천호밀레니얼중앙점,서울특별시 강동구 올림픽로78길 60 강동밀레니얼중흥S클래스아파트 지하1층 9호,텐데이 진행,37.5409734434557,127.128499316444,920
천호역점,"서울특별시 강동구 성내동 50-5, 1층",텐데이 진행,37.5372501761259,127.12630638501,895
청량리역점,서울특별시 동대문구 왕산로36길 6 110호,텐데이 진행,37.579230143677,127.043474539053,1081
충무로3가점,서울특별시 중구 수표로 12,텐데이 진행,37.5622826663749,126.990615713266,1011
태릉역점,서울특별시 노원구 동일로 1000 101호,텐데이 진행,37.6194889944868,127.075526293582,357
포이사거리점,서울특별시 서초구 양재동 276-7,텐데이 진행,37.4765571282233,127.045357378604,882
합정역점,서울특별시 마포구 양화로 72 서교 효성해링턴,텐데이 진행,37.5508138163956,126.916493990351,697
홈플러스강동점,서울특별시 강동구 양재대로1571  홈플러스3F,텐데이 진행,37.5457145865749,127.14225531407,20
홍대서교점,서울특별시 마포구 서교동 331-18,텐데이 진행,37.5561764842409,126.925834404005,1139
홍대패션거리점,서울특별시 마포구 어울마당로 112-6,텐데이 미진행,37.5546666402963,126.923369200074,1174
화곡곰달래점,서울특별시 강서구 국회대로7길 6 1층,텐데이 미진행,37.529929398228,126.860662433152,1183
